film_ID,film_title,category_name,rented_times
21,American Circus,Action,5263
327,Fool Mockingbird,Action,5263
869,Suspects Quills,Action,5263
659,Park Citizen,Action,5263
105,Bull Shawshank,Action,5263
794,Side Ark,Action,5263
511,Lawrence Love,Action,5263
253,Drifter Commandments,Action,5263
549,Magnolia Forrester,Action,5263
97,Bride Intrigue,Action,5263
115,Campus Remember,Action,5263
927,Uprising Uptown,Action,5263
303,Fantasy Troopers,Action,5263
360,Glass Dying,Action,5263
501,Kissing Dolls,Action,5263
56,Barefoot Manchurian,Action,5263
375,Grail Frankenstein,Action,5263
968,Werewolf Lola,Action,5263
19,Amadeus Holy,Action,5263
574,Midnight Westward,Action,5263
748,Rugrats Shakespeare,Action,5263
252,Dream Pickup,Action,5263
287,Entrapment Satisfaction,Action,5263
991,Worst Banger,Action,5263
717,Rear Trading,Action,5263
823,South Wait,Action,5263
292,Excitement Eve,Action,5263
229,Devil Desire,Action,5263
707,Quest Mussolini,Action,5263
586,Mockingbird Hollywood,Action,5263
38,Ark Ridgemont,Action,5263
126,Casualties Encino,Action,5263
825,Speakeasy Date,Action,5263
793,Shrunk Divine,Action,5263
417,Hills Neighbors,Action,5263
911,Trip Newton,Action,5263
915,Truman Crazy,Action,5263
67,Berets Agent,Action,5263
318,Firehouse Vietnam,Action,5263
579,Minds Truman,Action,5263
250,Dragon Squad,Action,5263
329,Forrest Sons,Action,5263
205,Dances None,Action,5263
162,Clueless Bucket,Action,5263
395,Handicap Boondock,Action,5263
271,Easy Gladiator,Action,5263
594,Montezuma Command,Action,5263
194,Crow Grease,Action,5263
111,Caddyshack Jedi,Action,5263
530,Lord Arizona,Action,5263
664,Patriot Roman,Action,5263
802,Sky Miracle,Action,5263
371,Gosford Donnie,Action,5263
964,Waterfront Deliverance,Action,5263
982,Women Dorado,Action,5263
838,Stagecoach Armageddon,Action,5263
850,Story Side,Action,5263
210,Darko Dorado,Action,5263
697,Primary Glass,Action,5263
130,Celebrity Horn,Action,5263
732,Rings Heartbreakers,Action,5263
29,Antitrust Tomatoes,Action,5263
542,Lust Lock,Action,5263
212,Darn Forrester,Action,5263
464,Intentions Empire,Animation,5263
326,Flying Hook,Animation,5263
461,Insects Stone,Animation,5263
510,Lawless Vision,Animation,5263
300,Falcon Volume,Animation,5263
223,Desire Alien,Animation,5263
23,Anaconda Confessions,Animation,5263
208,Dares Pluto,Animation,5263
193,Crossroads Casualties,Animation,5263
89,Borrowers Bedazzled,Animation,5263
693,Potter Connecticut,Animation,5263
433,Horn Working,Animation,5263
118,Canyon Stock,Animation,5263
703,Punk Divorce,Animation,5263
18,Alter Victory,Animation,5263
259,Duck Racer,Animation,5263
816,Snowman Rollercoaster,Animation,5263
314,Fight Jawbreaker,Animation,5263
690,Pond Seattle,Animation,5263
901,Tracy Cider,Animation,5263
986,Wonka Sea,Animation,5263
859,Sugar Wonka,Animation,5263
325,Floats Garden,Animation,5263
569,Menagerie Rushmore,Animation,5263
70,Bikini Borrowers,Animation,5263
651,Packer Madigan,Animation,5263
160,Club Graffiti,Animation,5263
355,Ghostbusters Elf,Animation,5263
134,Champion Flatliners,Animation,5263
582,Miracle Virtual,Animation,5263
583,Mission Zoolander,Animation,5263
743,Room Roman,Animation,5263
541,Luke Mummy,Animation,5263
489,Juggler Hardly,Animation,5263
849,Storm Happiness,Animation,5263
430,Hook Chariots,Animation,5263
245,Double Wrath,Animation,5263
649,Oz Liaisons,Animation,5263
892,Titanic Boondock,Animation,5263
963,Watch Tracy,Animation,5263
880,Telemark Heartbreakers,Animation,5263
239,Dogma Family,Animation,5263
241,Donnie Alley,Animation,5263
820,Sons Interview,Animation,5263
865,Sunrise League,Animation,5263
692,Potluck Mixed,Animation,5263
886,Theory Mermaid,Animation,5263
564,Massage Image,Animation,5263
330,Forrester Comancheros,Animation,5263
696,Pride Alamo,Animation,5263
154,Clash Freddy,Animation,5263
805,Sleepless Monsoon,Animation,5263
887,Thief Pelican,Animation,5263
916,Turn Star,Animation,5263
953,Wait Cider,Animation,5263
402,Harper Dying,Animation,5263
268,Early Home,Animation,5263
470,Ishtar Rocketeer,Animation,5263
243,Doors President,Animation,5263
349,Gangs Pride,Animation,5263
644,Oscar Gold,Animation,5263
615,Nash Chocolat,Animation,5263
456,Inch Jet,Animation,5263
36,Argonauts Town,Animation,5263
78,Blackout Private,Animation,5263
121,Carol Texas,Animation,5263
450,Idols Snatchers,Children,5263
370,Gorgeous Bingo,Children,5263
280,Empire Malkovich,Children,5263
515,Legally Secretary,Children,5263
889,Ties Hunger,Children,5263
786,Shepherd Midsummer,Children,5263
356,Giant Troopers,Children,5263
755,Sabrina Midnight,Children,5263
999,Zoolander Fiction,Children,5263
392,Hall Cassidy,Children,5263
354,Ghost Groundhog,Children,5263
152,Circus Youth,Children,5263
761,Santa Paris,Children,5263
423,Hollywood Anonymous,Children,5263
68,Betrayed Rear,Children,5263
373,Graduate Lord,Children,5263
588,Model Fish,Children,5263
191,Crooked Frogmen,Children,5263
918,Twisted Pirates,Children,5263
852,Strangelove Desire,Children,5263
873,Sweethearts Suspects,Children,5263
833,Splendor Patton,Children,5263
238,Doctor Grail,Children,5263
424,Holocaust Highball,Children,5263
149,Christmas Moonshine,Children,5263
468,Invasion Cyclone,Children,5263
168,Comancheros Enemy,Children,5263
485,Jersey Sassy,Children,5263
304,Fargo Gandhi,Children,5263
608,Murder Antitrust,Children,5263
124,Casper Dragonfly,Children,5263
48,Backlash Undefeated,Children,5263
801,Sister Freddy,Children,5263
864,Sundance Invasion,Children,5263
688,Polish Brooklyn,Children,5263
768,Scarface Bang,Children,5263
883,Tequila Past,Children,5263
955,Walls Artist,Children,5263
59,Bear Graceland,Children,5263
509,Language Cowboy,Children,5263
547,Magic Mallrats,Children,5263
214,Daughter Madigan,Children,5263
896,Tootsie Pilot,Children,5263
157,Clockwork Paradise,Children,5263
491,Jumping Wrath,Children,5263
853,Stranger Strangers,Children,5263
505,Labyrinth League,Children,5263
344,Fury Murder,Children,5263
66,Beneath Rush,Children,5263
328,Forever Candidate,Children,5263
959,Warlock Werewolf,Children,5263
993,Wrong Behavior,Children,5263
409,Heartbreakers Bright,Children,5263
573,Microcosmos Paradise,Children,5263
343,Full Flatliners,Children,5263
735,Robbers Joon,Children,5263
928,Uptown Young,Children,5263
626,Noon Papi,Children,5263
553,Maker Gables,Children,5263
110,Cabin Flash,Children,5263
536,Lovely Jingle,Classics,5263
228,Detective Vision,Classics,5263
548,Magnificent Chitty,Classics,5263
60,Beast Hunchback,Classics,5263
432,Hope Tootsie,Classics,5263
196,Cruelty Unforgiven,Classics,5263
357,Gilbert Pelican,Classics,5263
487,Jingle Sagebrush,Classics,5263
962,Wasteland Divine,Classics,5263
180,Conspiracy Spirit,Classics,5263
663,Patient Sister,Classics,5263
523,Lights Deer,Classics,5263
525,Loathing Legally,Classics,5263
116,Candidate Perdition,Classics,5263
425,Holy Tadpole,Classics,5263
297,Extraordinary Conquerer,Classics,5263
731,Right Cranes,Classics,5263
484,Jerk Paycheck,Classics,5263
611,Musketeers Wait,Classics,5263
744,Roots Remember,Classics,5263
554,Malkovich Pet,Classics,5263
131,Center Dinosaur,Classics,5263
808,Sling Luke,Classics,5263
346,Galaxy Sweethearts,Classics,5263
341,Frost Head,Classics,5263
469,Iron Moon,Classics,5263
950,Volume House,Classics,5263
895,Tomorrow Hustler,Classics,5263
828,Spiking Element,Classics,5263
512,League Hellfighters,Classics,5263
358,Gilmore Boiled,Classics,5263
633,October Submarine,Classics,5263
445,Hyde Doctor,Classics,5263
652,Pajama Jawbreaker,Classics,5263
862,Summer Scarface,Classics,5263
815,Snatchers Montezuma,Classics,5263
482,Jeopardy Encino,Classics,5263
166,Color Philadelphia,Classics,5263
891,Timberland Sky,Classics,5263
578,Million Ace,Classics,5263
480,Jeepers Wedding,Classics,5263
537,Lover Truman,Classics,5263
694,Prejudice Oleander,Classics,5263
190,Creepers Kane,Classics,5263
843,Steel Santa,Classics,5263
14,Alice Fantasia,Classics,5263
899,Towers Hurricane,Classics,5263
266,Dynamite Tarzan,Classics,5263
184,Core Suit,Classics,5263
725,Requiem Tycoon,Classics,5263
970,Westward Seabiscuit,Classics,5263
874,Tadpole Park,Classics,5263
249,Dracula Crystal,Classics,5263
91,Bound Cheaper,Classics,5263
37,Arizona Bang,Classics,5263
951,Voyage Legally,Classics,5263
471,Island Exorcist,Classics,5263
906,Tramp Others,Comedy,5263
568,Memento Zoolander,Comedy,5263
247,Downhill Enough,Comedy,5263
765,Saturn Name,Comedy,5263
814,Snatch Slipper,Comedy,5263
857,Strictly Scarface,Comedy,5263
502,Knock Warlock,Comedy,5263
188,Crazy Home,Comedy,5263
317,Fireball Philadelphia,Comedy,5263
932,Valley Packer,Comedy,5263
444,Hustler Party,Comedy,5263
178,Connection Microcosmos,Comedy,5263
871,Sweden Shining,Comedy,5263
522,Life Twisted,Comedy,5263
388,Gunfight Moon,Comedy,5263
410,Heaven Freedom,Comedy,5263
443,Hurricane Affair,Comedy,5263
276,Element Freddy,Comedy,5263
365,Gold River,Comedy,5263
672,Perfect Groove,Comedy,5263
613,Mystic Truman,Comedy,5263
704,Pure Runner,Comedy,5263
555,Mallrats United,Comedy,5263
242,Doom Dancing,Comedy,5263
638,Operation Operation,Comedy,5263
308,Ferris Mother,Comedy,5263
680,Pinocchio Simon,Comedy,5263
335,Freedom Cleopatra,Comedy,5263
265,Dying Maker,Comedy,5263
858,Submarine Bed,Comedy,5263
478,Jaws Harry,Comedy,5263
529,Lonely Elephant,Comedy,5263
756,Saddle Antitrust,Comedy,5263
28,Anthem Luke,Comedy,5263
99,Bringing Hysterical,Comedy,5263
524,Lion Uncut,Comedy,5263
413,Hedwig Alter,Comedy,5263
938,Velvet Terminator,Comedy,5263
905,Trainspotting Strangers,Comedy,5263
978,Wisdom Worker,Comedy,5263
7,Airplane Sierra,Comedy,5263
182,Control Anthem,Comedy,5263
127,Cat Coneheads,Comedy,5263
660,Party Knock,Comedy,5263
159,Closer Bang,Comedy,5263
385,Groundhog Uncut,Comedy,5263
404,Hate Handicap,Comedy,5263
754,Rushmore Mermaid,Comedy,5263
604,Mulan Moon,Comedy,5263
324,Flintstones Happiness,Comedy,5263
1000,Zorro Ark,Comedy,5263
837,Stage World,Comedy,5263
332,Frankenstein Stranger,Comedy,5263
657,Paradise Sabrina,Comedy,5263
774,Searchers Wait,Comedy,5263
939,Vertigo Northwest,Comedy,5263
119,Caper Motions,Comedy,5263
202,Daddy Pittsburgh,Comedy,5263
788,Ship Wonderland,Documentary,5263
943,Villain Desperate,Documentary,5263
925,United Pilot,Documentary,5263
757,Sagebrush Clueless,Documentary,5263
150,Cider Desire,Documentary,5263
62,Bed Highball,Documentary,5263
687,Pocus Pulp,Documentary,5263
544,Madison Trap,Documentary,5263
400,Hardly Robbers,Documentary,5263
650,Pacific Amistad,Documentary,5263
888,Thin Sagebrush,Documentary,5263
156,Clerks Angels,Documentary,5263
576,Mighty Luck,Documentary,5263
966,Wedding Apollo,Documentary,5263
164,Coast Rainbow,Documentary,5263
261,Duffel Apocalypse,Documentary,5263
72,Bill Others,Documentary,5263
812,Smoking Barbarella,Documentary,5263
589,Modern Dorado,Documentary,5263
952,Wagon Jaws,Documentary,5263
497,Kill Brotherhood,Documentary,5263
441,Hunter Alter,Documentary,5263
466,Intolerable Intentions,Documentary,5263
1,Academy Dinosaur,Documentary,5263
40,Army Flintstones,Documentary,5263
3,Adaptation Holes,Documentary,5263
199,Cupboard Sinners,Documentary,5263
101,Brotherhood Blanket,Documentary,5263
221,Deliverance Mulholland,Documentary,5263
571,Metal Armageddon,Documentary,5263
627,North Tequila,Documentary,5263
698,Princess Giant,Documentary,5263
629,Notorious Reunion,Documentary,5263
412,Heavyweights Beast,Documentary,5263
295,Expendable Stallion,Documentary,5263
708,Quills Bull,Documentary,5263
945,Virginian Pluto,Documentary,5263
274,Egg Igby,Documentary,5263
670,Pelican Comforts,Documentary,5263
734,Road Roxanne,Documentary,5263
587,Mod Secretary,Documentary,5263
336,French Holiday,Documentary,5263
248,Dozen Lion,Documentary,5263
393,Halloween Nuts,Documentary,5263
407,Hawk Chill,Documentary,5263
712,Raiders Antitrust,Documentary,5263
58,Beach Heartbreakers,Documentary,5263
85,Bonnie Holocaust,Documentary,5263
575,Midsummer Groundhog,Documentary,5263
960,Wars Pluto,Documentary,5263
992,Wrath Mile,Documentary,5263
457,Independence Hotel,Documentary,5263
206,Dancing Fever,Documentary,5263
616,National Story,Documentary,5263
973,Wife Turn,Documentary,5263
219,Deep Crusade,Documentary,5263
129,Cause Date,Documentary,5263
791,Show Lord,Documentary,5263
926,Untouchables Sunrise,Documentary,5263
427,Homeward Cider,Documentary,5263
834,Spoilers Hellfighters,Documentary,5263
622,Newsies Story,Documentary,5263
142,Chicken Hellfighters,Documentary,5263
713,Rainbow Shock,Documentary,5263
552,Majestic Floats,Documentary,5263
855,Streak Ridgemont,Documentary,5263
996,Young Language,Documentary,5263
776,Secret Groundhog,Documentary,5263
910,Treatment Jekyll,Drama,5263
230,Diary Panic,Drama,5263
107,Bunch Minds,Drama,5263
882,Tenenbaums Command,Drama,5263
739,Rocky War,Drama,5263
143,Chill Luck,Drama,5263
766,Savannah Town,Drama,5263
204,Dalmations Sweden,Drama,5263
923,Unfaithful Kill,Drama,5263
172,Coneheads Smoochy,Drama,5263
33,Apollo Teen,Drama,5263
146,Chitty Lock,Drama,5263
709,Racer Egg,Drama,5263
61,Beauty Grease,Drama,5263
662,Paths Control,Drama,5263
272,Edge Kissing,Drama,5263
772,Sea Virgin,Drama,5263
209,Darkness War,Drama,5263
282,Encounters Curtain,Drama,5263
758,Saints Bride,Drama,5263
514,Lebowski Soldiers,Drama,5263
79,Blade Polish,Drama,5263
666,Paycheck Wait,Drama,5263
366,Goldfinger Sensibility,Drama,5263
643,Orient Closer,Drama,5263
775,Seattle Expecations,Drama,5263
942,Vietnam Smoochy,Drama,5263
728,Reunion Witches,Drama,5263
771,Scorpion Apollo,Drama,5263
521,Lies Treatment,Drama,5263
818,Something Duck,Drama,5263
958,Wardrobe Phantom,Drama,5263
803,Slacker Liaisons,Drama,5263
379,Greedy Roots,Drama,5263
790,Shootist Superfly,Drama,5263
401,Harold French,Drama,5263
706,Queen Luke,Drama,5263
98,Bright Encounters,Drama,5263
585,Mob Duffel,Drama,5263
827,Spice Sorority,Drama,5263
64,Beethoven Exorcist,Drama,5263
418,Hobbit Alien,Drama,5263
969,West Lion,Drama,5263
396,Hanging Deep,Drama,5263
368,Gone Trouble,Drama,5263
907,Translation Summer,Drama,5263
186,Craft Outfield,Drama,5263
944,Virgin Daisy,Drama,5263
218,Deceiver Betrayed,Drama,5263
683,Pity Bound,Drama,5263
179,Conquerer Nuts,Drama,5263
618,Necklace Outbreak,Drama,5263
979,Witches Panic,Drama,5263
897,Torque Bound,Drama,5263
403,Harry Idaho,Drama,5263
173,Confessions Maguire,Drama,5263
473,Jacket Frisco,Drama,5263
539,Luck Opus,Drama,5263
504,Kwai Homeward,Drama,5263
630,Notting Speakeasy,Drama,5263
439,Hunchback Impossible,Drama,5263
225,Destination Jerk,Drama,5263
183,Conversation Downhill,Family,5263
309,Feud Frogmen,Family,5263
946,Virtual Spoilers,Family,5263
975,Willow Tracy,Family,5263
377,Grease Youth,Family,5263
145,Chisum Behavior,Family,5263
778,Secrets Paradise,Family,5263
832,Splash Gump,Family,5263
810,Slums Duck,Family,5263
822,Soup Wisdom,Family,5263
213,Date Speed,Family,5263
391,Half Outfield,Family,5263
700,Prix Undefeated,Family,5263
31,Apache Divine,Family,5263
617,Natural Stock,Family,5263
679,Pilot Hoosiers,Family,5263
94,Braveheart Human,Family,5263
867,Super Wyoming,Family,5263
498,Killer Innocent,Family,5263
262,Dumbo Lust,Family,5263
442,Hunting Musketeers,Family,5263
53,Bang Kwai,Family,5263
610,Music Boondock,Family,5263
534,Louisiana Harry,Family,5263
147,Chocolat Harry,Family,5263
866,Sunset Racer,Family,5263
231,Dinosaur Secretary,Family,5263
710,Rage Games,Family,5263
557,Manchurian Curtain,Family,5263
727,Resurrection Silverado,Family,5263
780,Sensibility Rear,Family,5263
603,Movie Shakespeare,Family,5263
80,Blanket Beverly,Family,5263
724,Remember Diary,Family,5263
269,Earring Instinct,Family,5263
682,Pittsburgh Hunchback,Family,5263
499,King Evolution,Family,5263
695,President Bang,Family,5263
82,Blood Argonauts,Family,5263
736,Robbery Bright,Family,5263
458,Indian Love,Family,5263
359,Gladiator Westward,Family,5263
50,Baked Cleopatra,Family,5263
639,Opposite Necklace,Family,5263
43,Atlantis Cause,Family,5263
348,Gandhi Kwai,Family,5263
715,Range Moonwalker,Family,5263
428,Homicide Peach,Family,5263
634,Odds Boogie,Family,5263
824,Spartacus Cheaper,Family,5263
829,Spinal Rocky,Family,5263
753,Rush Goodfellas,Family,5263
63,Bedazzled Married,Family,5263
71,Bilko Anonymous,Family,5263
419,Hocus Frida,Family,5263
83,Blues Instinct,Family,5263
315,Finding Anaconda,Family,5263
528,Lolita World,Family,5263
139,Chasing Fight,Family,5263
5,African Egg,Family,5263
550,Maguire Apache,Family,5263
479,Jedi Beneath,Family,5263
621,Network Peak,Family,5263
175,Confused Candles,Family,5263
795,Siege Madre,Family,5263
273,Effect Gladiator,Family,5263
476,Jason Trap,Family,5263
345,Gables Metropolis,Family,5263
437,House Dynamite,Family,5263
567,Meet Chocolate,Foreign,5263
984,Wonderful Drop,Foreign,5263
566,Maude Mod,Foreign,5263
440,Hunger Roof,Foreign,5263
311,Fiction Christmas,Foreign,5263
640,Opus Ice,Foreign,5263
170,Command Darling,Foreign,5263
416,Highball Potter,Foreign,5263
607,Muppet Mile,Foreign,5263
661,Past Suicides,Foreign,5263
380,Greek Everyone,Foreign,5263
431,Hoosiers Birdcage,Foreign,5263
565,Matrix Snowman,Foreign,5263
353,Gentlemen Stage,Foreign,5263
738,Rocketeer Mother,Foreign,5263
207,Dangerous Uptown,Foreign,5263
705,Purple Movie,Foreign,5263
493,Kane Exorcist,Foreign,5263
908,Trap Guys,Foreign,5263
399,Happiness United,Foreign,5263
845,Stepmom Dream,Foreign,5263
47,Baby Hall,Foreign,5263
16,Alley Evolution,Foreign,5263
669,Pearl Destiny,Foreign,5263
770,Scissorhands Slums,Foreign,5263
201,Cyclone Family,Foreign,5263
689,Pollock Deliverance,Foreign,5263
500,Kiss Glory,Foreign,5263
435,Hotel Happiness,Foreign,5263
821,Sorority Queen,Foreign,5263
900,Town Ark,Foreign,5263
957,War Notting,Foreign,5263
421,Holiday Games,Foreign,5263
623,Newton Labyrinth,Foreign,5263
674,Pet Haunting,Foreign,5263
545,Madness Attacks,Foreign,5263
128,Catch Amistad,Foreign,5263
947,Vision Torque,Foreign,5263
455,Impossible Prejudice,Foreign,5263
192,Crossing Divorce,Foreign,5263
789,Shock Cabin,Foreign,5263
929,Usual Untouchables,Foreign,5263
6,Agent Truman,Foreign,5263
15,Alien Center,Foreign,5263
376,Grapes Fury,Foreign,5263
486,Jet Neighbors,Foreign,5263
185,Cowboy Doom,Foreign,5263
467,Intrigue Worst,Foreign,5263
148,Chocolate Duck,Foreign,5263
452,Illusion Amelie,Foreign,5263
460,Innocent Usual,Foreign,5263
337,Frida Slipper,Foreign,5263
52,Ballroom Mockingbird,Foreign,5263
11,Alamo Videotape,Foreign,5263
100,Brooklyn Desert,Foreign,5263
104,Bugsy Song,Foreign,5263
961,Wash Heavenly,Foreign,5263
726,Reservoir Adaptation,Foreign,5263
641,Orange Grapes,Foreign,5263
769,School Jacket,Foreign,5263
459,Informer Double,Foreign,5263
792,Shrek License,Foreign,5263
198,Crystal Breaking,Foreign,5263
531,Lose Inch,Foreign,5263
584,Mixed Doors,Foreign,5263
595,Moon Bunch,Foreign,5263
533,Lost Bird,Foreign,5263
112,Calendar Gunfight,Foreign,5263
246,Doubtfire Labyrinth,Foreign,5263
605,Mulholland Beast,Foreign,5263
290,Everyone Craft,Foreign,5263
971,Whale Bikini,Foreign,5263
414,Hellfighters Sierra,Foreign,5263
699,Private Drop,Games,5263
591,Monsoon Cause,Games,5263
646,Outbreak Divine,Games,5263
331,Forward Temple,Games,5263
701,Psycho Shrunk,Games,5263
807,Sleuth Orient,Games,5263
106,Bulworth Commandments,Games,5263
483,Jericho Mulan,Games,5263
762,Sassy Packer,Games,5263
508,Lambs Cincinatti,Games,5263
507,Ladybugs Armageddon,Games,5263
217,Dazed Punk,Games,5263
408,Head Stranger,Games,5263
352,Gathering Calendar,Games,5263
306,Feathers Metal,Games,5263
382,Grit Clockwork,Games,5263
232,Dirty Ace,Games,5263
447,Ice Crossing,Games,5263
215,Dawn Pond,Games,5263
438,Human Graffiti,Games,5263
835,Spy Mile,Games,5263
211,Darling Breaking,Games,5263
406,Haunting Pianist,Games,5263
747,Roxanne Rebel,Games,5263
563,Massacre Usual,Games,5263
141,Chicago North,Games,5263
746,Rouge Squad,Games,5263
189,Creatures Shakespeare,Games,5263
560,Mars Roman,Games,5263
919,Tycoon Gathering,Games,5263
956,Wanda Chamber,Games,5263
200,Curtain Videotape,Games,5263
546,Madre Gables,Games,5263
387,Gun Bonnie,Games,5263
46,Autumn Crow,Games,5263
381,Grinch Massage,Games,5263
316,Fire Wolves,Games,5263
840,Stampede Disturbing,Games,5263
362,Glory Tracy,Games,5263
781,Seven Swarm,Games,5263
842,State Wasteland,Games,5263
684,Pizza Jumanji,Games,5263
624,Nightmare Chill,Games,5263
742,Roof Champion,Games,5263
227,Details Packer,Games,5263
861,Suit Walls,Games,5263
654,Panky Submarine,Games,5263
941,Videotape Arsenic,Games,5263
934,Vanilla Day,Games,5263
614,Name Detective,Games,5263
302,Fantasia Park,Games,5263
236,Divine Resurrection,Games,5263
597,Moonwalker Fool,Games,5263
281,Encino Elf,Games,5263
596,Moonshine Cabin,Games,5263
117,Candles Grapes,Games,5263
949,Volcano Texas,Games,5263
264,Dwarfs Alter,Games,5263
310,Fever Empire,Games,5263
976,Wind Phantom,Games,5263
556,Maltese Hope,Games,5263
535,Love Suicides,Horror,5263
9,Alabama Devil,Horror,5263
804,Sleeping Suspects,Horror,5263
799,Simon North,Horror,5263
334,Freddy Storm,Horror,5263
222,Desert Poseidon,Horror,5263
30,Anything Savannah,Horror,5263
527,Lola Agent,Horror,5263
740,Rollercoaster Bringing,Horror,5263
593,Monterey Labyrinth,Horror,5263
277,Elephant Trojan,Horror,5263
922,Undefeated Dalmations,Horror,5263
870,Swarm Gold,Horror,5263
722,Reef Salute,Horror,5263
854,Strangers Graffiti,Horror,5263
702,Pulp Beverly,Horror,5263
881,Temple Attraction,Horror,5263
856,Streetcar Intentions,Horror,5263
965,Watership Frontier,Horror,5263
35,Arachnophobia Rollercoaster,Horror,5263
65,Behavior Runaway,Horror,5263
885,Texas Watch,Horror,5263
258,Drums Dynamite,Horror,5263
275,Egypt Tenenbaums,Horror,5263
351,Gaslight Crusade,Horror,5263
34,Arabia Dogma,Horror,5263
301,Family Sweet,Horror,5263
665,Patton Interview,Horror,5263
658,Paris Weekend,Horror,5263
313,Fidelity Devil,Horror,5263
13,Ali Forever,Horror,5263
653,Panic Club,Horror,5263
749,Rules Human,Horror,5263
995,Yentl Idaho,Horror,5263
8,Airport Pollock,Horror,5263
909,Treasure Command,Horror,5263
2,Ace Goldfinger,Horror,5263
171,Commandments Express,Horror,5263
92,Bowfinger Gables,Horror,5263
475,Japanese Run,Horror,5263
600,Motions Details,Horror,5263
830,Spirit Flintstones,Horror,5263
506,Lady Stage,Horror,5263
495,Kentuckian Giant,Horror,5263
998,Zhivago Core,Horror,5263
24,Analyze Hoosiers,Horror,5263
716,Reap Unfaithful,Horror,5263
737,Rock Instinct,Horror,5263
800,Sinners Atlantis,Horror,5263
876,Tarzan Videotape,Horror,5263
122,Carrie Bunch,Horror,5263
4,Affair Prejudice,Horror,5263
990,World Leathernecks,Horror,5263
494,Karate Moon,Horror,5263
415,High Encino,Horror,5263
904,Train Bunch,Horror,5263
797,Silence Kane,Music,5263
333,Freaky Pocus,Music,5263
20,Amelie Hellfighters,Music,5263
384,Grosse Wonderful,Music,5263
54,Banger Pinocchio,Music,5263
997,Youth Kick,Music,5263
752,Runner Madigan,Music,5263
454,Impact Aladdin,Music,5263
51,Balloon Homeward,Music,5263
581,Minority Kiss,Music,5263
278,Elf Murder,Music,5263
74,Birch Antitrust,Music,5263
819,Song Hedwig,Music,5263
980,Wizard Coldblooded,Music,5263
884,Terminator Club,Music,5263
378,Greatest North,Music,5263
516,Legend Jedi,Music,5263
398,Hanover Galaxy,Music,5263
76,Birdcage Casper,Music,5263
879,Telegraph Voyage,Music,5263
17,Alone Trip,Music,5263
411,Heavenly Gun,Music,5263
174,Confidential Interview,Music,5263
161,Clue Grail,Music,5263
133,Chamber Italian,Music,5263
284,Enemy Odds,Music,5263
220,Deer Virginian,Music,5263
426,Home Pity,Music,5263
767,Scalawag Duck,Music,5263
721,Reds Pocus,Music,5263
921,Uncut Suicides,Music,5263
741,Roman Punk,Music,5263
983,Won Dares,Music,5263
562,Masked Bubble,Music,5263
477,Jawbreaker Brooklyn,Music,5263
647,Outfield Massacre,Music,5263
462,Insider Arizona,Music,5263
12,Alaska Phantom,Music,5263
86,Boogie Amelie,Music,5263
673,Personal Ladybugs,Music,5263
363,Go Purple,Music,5263
877,Taxi Kick,Music,5263
636,Oleander Clue,Music,5263
158,Clones Pinocchio,Music,5263
255,Driving Polish,Music,5263
987,Words Hunter,Music,5263
244,Dorado Notting,Music,5263
718,Rebel Airport,Music,5263
540,Lucky Flying,Music,5263
936,Vanishing Rocky,Music,5263
592,Monster Spartacus,Music,5263
590,Money Harold,New,5263
270,Earth Vision,New,5263
937,Varsity Trip,New,5263
538,Loverboy Attacks,New,5263
320,Flamingos Connecticut,New,5263
933,Vampire Whale,New,5263
305,Fatal Haunted,New,5263
913,Troopers Metal,New,5263
750,Run Pacific,New,5263
760,Samurai Lion,New,5263
675,Phantom Glory,New,5263
289,Eve Resurrection,New,5263
448,Idaho Love,New,5263
490,Jumanji Blade,New,5263
751,Runaway Tenenbaums,New,5263
974,Wild Apollo,New,5263
436,Hours Rage,New,5263
251,Dragonfly Strangers,New,5263
96,Breaking Home,New,5263
321,Flash Wars,New,5263
935,Vanished Garden,New,5263
22,Amistad Midsummer,New,5263
25,Angels Life,New,5263
847,Stock Glass,New,5263
580,Mine Titans,New,5263
994,Wyoming Storm,New,5263
226,Destiny Saturday,New,5263
364,Godfather Diary,New,5263
954,Wake Jaws,New,5263
481,Jekyll Frogmen,New,5263
155,Cleopatra Devil,New,5263
108,Butch Panther,New,5263
267,Eagles Panky,New,5263
920,Unbreakable Karate,New,5263
95,Breakfast Goldfinger,New,5263
558,Mannequin Worst,New,5263
216,Day Unfaithful,New,5263
730,Ridgemont Submarine,New,5263
551,Maiden Home,New,5263
686,Pluto Oleander,New,5263
45,Attraction Newton,New,5263
720,Redemption Comforts,New,5263
32,Apocalypse Flamingos,New,5263
465,Interview Liaisons,New,5263
93,Brannigan Sunrise,New,5263
685,Platoon Instinct,New,5263
77,Birds Perdition,New,5263
635,Oklahoma Jumanji,New,5263
632,Nuts Ties,New,5263
283,Ending Crowds,New,5263
90,Boulevard Mob,New,5263
109,Butterfly Chocolat,New,5263
677,Pianist Outfield,New,5263
846,Sting Personal,New,5263
163,Clyde Theory,New,5263
561,Mask Peach,New,5263
759,Salute Apollo,New,5263
144,Chinatown Gladiator,New,5263
948,Voice Peach,New,5263
136,Chaplin License,New,5263
806,Sleepy Japanese,New,5263
492,Jungle Closer,New,5263
340,Frontier Cabin,New,5263
138,Chariots Conspiracy,Sci-Fi,5263
711,Raging Airplane,Sci-Fi,5263
153,Citizen Shrek,Sci-Fi,5263
151,Cincinatti Whisperer,Sci-Fi,5263
140,Cheaper Clyde,Sci-Fi,5263
298,Eyes Driving,Sci-Fi,5263
863,Sun Confessions,Sci-Fi,5263
625,None Spiking,Sci-Fi,5263
930,Vacation Boondock,Sci-Fi,5263
449,Identity Lover,Sci-Fi,5263
422,Hollow Jeopardy,Sci-Fi,5263
839,Stallion Sundance,Sci-Fi,5263
972,Whisperer Giant,Sci-Fi,5263
714,Random Go,Sci-Fi,5263
723,Reign Gentlemen,Sci-Fi,5263
817,Soldiers Evolution,Sci-Fi,5263
860,Suicides Silence,Sci-Fi,5263
165,Coldblooded Darling,Sci-Fi,5263
234,Disturbing Scarface,Sci-Fi,5263
39,Armageddon Lost,Sci-Fi,5263
390,Guys Falcon,Sci-Fi,5263
203,Daisy Menagerie,Sci-Fi,5263
967,Weekend Personal,Sci-Fi,5263
338,Frisco Forrest,Sci-Fi,5263
369,Goodfellas Salute,Sci-Fi,5263
572,Metropolis Coma,Sci-Fi,5263
319,Fish Opus,Sci-Fi,5263
620,Nemo Campus,Sci-Fi,5263
350,Garden Island,Sci-Fi,5263
912,Trojan Tomorrow,Sci-Fi,5263
312,Fiddler Lost,Sci-Fi,5263
26,Annie Identity,Sci-Fi,5263
137,Charade Duffel,Sci-Fi,5263
49,Badman Dawn,Sci-Fi,5263
177,Connecticut Tramp,Sci-Fi,5263
637,Open African,Sci-Fi,5263
195,Crowds Telemark,Sci-Fi,5263
69,Beverly Outlaw,Sci-Fi,5263
374,Graffiti Love,Sci-Fi,5263
602,Mourning Purple,Sci-Fi,5263
132,Chainsaw Uptown,Sci-Fi,5263
397,Hanky October,Sci-Fi,5263
55,Barbarella Streetcar,Sci-Fi,5263
655,Panther Reds,Sci-Fi,5263
520,License Weekend,Sci-Fi,5263
985,Wonderland Christmas,Sci-Fi,5263
394,Hamlet Wisdom,Sci-Fi,5263
114,Camelot Vacation,Sci-Fi,5263
240,Dolls Rage,Sci-Fi,5263
73,Bingo Talented,Sci-Fi,5263
235,Divide Monster,Sci-Fi,5263
367,Goldmine Tycoon,Sci-Fi,5263
924,Unforgiven Zoolander,Sci-Fi,5263
44,Attacks Hate,Sci-Fi,5263
285,English Bulworth,Sci-Fi,5263
81,Blindness Gun,Sci-Fi,5263
893,Titans Jerk,Sci-Fi,5263
798,Silverado Goldfinger,Sci-Fi,5263
296,Express Lonely,Sci-Fi,5263
559,Married Go,Sci-Fi,5263
831,Spirited Casualties,Sci-Fi,5263
777,Secretary Rouge,Sports,5263
519,Liberty Magnificent,Sports,5263
446,Hysterical Grail,Sports,5263
890,Tights Dawn,Sports,5263
940,Victory Academy,Sports,5263
851,Straight Hours,Sports,5263
254,Driver Annie,Sports,5263
678,Pickup Driving,Sports,5263
612,Mussolini Spoilers,Sports,5263
773,Seabiscuit Punk,Sports,5263
420,Holes Brannigan,Sports,5263
875,Talented Homicide,Sports,5263
187,Cranes Reservoir,Sports,5263
279,Elizabeth Shane,Sports,5263
113,California Birds,Sports,5263
27,Anonymous Human,Sports,5263
619,Neighbors Charade,Sports,5263
796,Sierra Divide,Sports,5263
763,Satisfaction Confidential,Sports,5263
488,Joon Northwest,Sports,5263
10,Aladdin Calendar,Sports,5263
570,Mermaid Insects,Sports,5263
668,Peak Forever,Sports,5263
197,Crusade Honey,Sports,5263
291,Evolution Alter,Sports,5263
631,Novocaine Flight,Sports,5263
293,Exorcist Sting,Sports,5263
745,Roses Treasure,Sports,5263
599,Mother Oleander,Sports,5263
323,Flight Lies,Sports,5263
372,Graceland Dynamite,Sports,5263
42,Artist Coldblooded,Sports,5263
577,Mile Mulan,Sports,5263
463,Instinct Airport,Sports,5263
256,Drop Waterfront,Sports,5263
667,Peach Innocent,Sports,5263
453,Image Princess,Sports,5263
676,Philadelphia Wife,Sports,5263
120,Caribbean Liberty,Sports,5263
902,Trading Pinocchio,Sports,5263
719,Records Zorro,Sports,5263
176,Congeniality Quest,Sports,5263
263,Durham Panky,Sports,5263
779,Sense Greek,Sports,5263
474,Jade Bunch,Sports,5263
836,Squad Fish,Sports,5263
691,Poseidon Forever,Sports,5263
813,Smoochy Control,Sports,5263
917,Tuxedo Mile,Sports,5263
532,Loser Hustler,Sports,5263
260,Dude Blindness,Sports,5263
237,Divorce Shining,Sports,5263
322,Flatliners Killer,Sports,5263
598,Mosquito Armageddon,Sports,5263
729,Rider Caddyshack,Sports,5263
517,Lesson Cleopatra,Sports,5263
383,Groove Fiction,Sports,5263
429,Honey Ties,Sports,5263
681,Pirates Roxanne,Sports,5263
606,Mummy Creatures,Sports,5263
764,Saturday Lambs,Sports,5263
503,Kramer Chocolate,Sports,5263
671,Perdition Fargo,Sports,5263
135,Chance Resurrection,Sports,5263
361,Gleaming Jawbreaker,Sports,5263
628,Northwest Polish,Sports,5263
102,Bubble Grosse,Sports,5263
389,Gunfighter Mussolini,Sports,5263
844,Steers Armageddon,Sports,5263
841,Star Operation,Sports,5263
809,Slipper Fidelity,Sports,5263
733,River Outlaw,Sports,5263
782,Shakespeare Saddle,Sports,5263
898,Tourist Pelican,Sports,5263
784,Shanghai Tycoon,Travel,5263
848,Stone Fire,Travel,5263
785,Shawshank Bubble,Travel,5263
233,Disciple Mother,Travel,5263
988,Worker Tarzan,Travel,5263
826,Speed Suit,Travel,5263
307,Fellowship Autumn,Travel,5263
811,Smile Earring,Travel,5263
88,Born Spinal,Travel,5263
787,Shining Roses,Travel,5263
894,Tomatoes Hellfighters,Travel,5263
543,Madigan Dorado,Travel,5263
656,Papi Necklace,Travel,5263
526,Lock Rear,Travel,5263
224,Desperate Trainspotting,Travel,5263
75,Bird Independence,Travel,5263
878,Teen Apollo,Travel,5263
648,Outlaw Hanky,Travel,5263
339,Frogmen Breaking,Travel,5263
609,Muscle Bright,Travel,5263
868,Superfly Trip,Travel,5263
342,Fugitive Maguire,Travel,5263
981,Wolves Desire,Travel,5263
903,Traffic Hobbit,Travel,5263
496,Kick Savannah,Travel,5263
783,Shane Darkness,Travel,5263
451,Igby Maker,Travel,5263
169,Comforts Rush,Travel,5263
931,Valentine Vanishing,Travel,5263
472,Italian African,Travel,5263
914,Trouble Date,Travel,5263
601,Moulin Wake,Travel,5263
125,Cassidy Wyoming,Travel,5263
103,Bucket Brotherhood,Travel,5263
167,Coma Head,Travel,5263
642,Order Betrayed,Travel,5263
181,Contact Anonymous,Travel,5263
257,Drumline Cyclone,Travel,5263
405,Haunted Antitrust,Travel,5263
84,Boiled Dares,Travel,5263
41,Arsenic Independence,Travel,5263
872,Sweet Brotherhood,Travel,5263
123,Casablanca Super,Travel,5263
989,Working Microcosmos,Travel,5263
299,Factory Dragon,Travel,5263
57,Basic Easy,Travel,5263
386,Gump Date,Travel,5263
87,Boondock Ballroom,Travel,5263
286,Enough Raging,Travel,5263
347,Games Bowfinger,Travel,5263
977,Window Side,Travel,5263
645,Others Soup,Travel,5263
434,Horror Reign,Travel,5263
513,Leathernecks Dwarfs,Travel,5263
288,Escape Metropolis,Travel,5263
294,Expecations Natural,Travel,5263
518,Liaisons Sweet,Travel,5263